"source_root","source_relative_path","destination_relative_path","size","last_write_time"
"D:\Desktop\ai的仓库\raw","剪藏/video/2026-04-22 业务接管Agent.mp4","raw__9c508e5e/剪藏/video/2026-04-22 业务接管Agent.mp4","15097098","2026-04-23T12:51:07.899Z"
"D:\Desktop\ai的仓库\raw","剪藏/小红书/img/66680bb6000000000d00cc0b-1.jpg","raw__9c508e5e/剪藏/小红书/img/66680bb6000000000d00cc0b-1.jpg","56675","2026-04-27T09:56:53.507Z"
"D:\Desktop\ai的仓库\raw","剪藏/小红书/img/66680bb6000000000d00cc0b-2.jpg","raw__9c508e5e/剪藏/小红书/img/66680bb6000000000d00cc0b-2.jpg","42816","2026-04-27T09:56:54.271Z"
"D:\Desktop\ai的仓库\raw","剪藏/小红书/img/66680bb6000000000d00cc0b-3.jpg","raw__9c508e5e/剪藏/小红书/img/66680bb6000000000d00cc0b-3.jpg","83861","2026-04-27T09:56:54.490Z"
"D:\Desktop\ai的仓库\raw","剪藏/小红书/img/66680bb6000000000d00cc0b-4.jpg","raw__9c508e5e/剪藏/小红书/img/66680bb6000000000d00cc0b-4.jpg","82986","2026-04-27T09:56:54.742Z"
"D:\Desktop\ai的仓库\raw","剪藏/小红书/img/67065db0000000002c02e562-1.jpg","raw__9c508e5e/剪藏/小红书/img/67065db0000000002c02e562-1.jpg","60269","2026-04-24T09:15:40.170Z"
"D:\Desktop\ai的仓库\raw","剪藏/小红书/img/67065db0000000002c02e562-10.jpg","raw__9c508e5e/剪藏/小红书/img/67065db0000000002c02e562-10.jpg","144141","2026-04-24T09:15:41.960Z"
"D:\Desktop\ai的仓库\raw","剪藏/小红书/img/67065db0000000002c02e562-11.jpg","raw__9c508e5e/剪藏/小红书/img/67065db0000000002c02e562-11.jpg","204759","2026-04-24T09:15:42.064Z"
"D:\Desktop\ai的仓库\raw","剪藏/小红书/img/67065db0000000002c02e562-12.jpg","raw__9c508e5e/剪藏/小红书/img/67065db0000000002c02e562-12.jpg","7709","2026-04-24T09:15:42.715Z"
"D:\Desktop\ai的仓库\raw","剪藏/小红书/img/67065db0000000002c02e562-2.jpg","raw__9c508e5e/剪藏/小红书/img/67065db0000000002c02e562-2.jpg","205100","2026-04-24T09:15:40.605Z"
"D:\Desktop\ai的仓库\raw","剪藏/小红书/img/67065db0000000002c02e562-3.jpg","raw__9c508e5e/剪藏/小红书/img/67065db0000000002c02e562-3.jpg","66678","2026-04-24T09:15:40.679Z"
"D:\Desktop\ai的仓库\raw","剪藏/小红书/img/67065db0000000002c02e562-4.jpg","raw__9c508e5e/剪藏/小红书/img/67065db0000000002c02e562-4.jpg","109467","2026-04-24T09:15:40.770Z"
"D:\Desktop\ai的仓库\raw","剪藏/小红书/img/67065db0000000002c02e562-5.jpg","raw__9c508e5e/剪藏/小红书/img/67065db0000000002c02e562-5.jpg","147637","2026-04-24T09:15:40.845Z"
"D:\Desktop\ai的仓库\raw","剪藏/小红书/img/67065db0000000002c02e562-6.jpg","raw__9c508e5e/剪藏/小红书/img/67065db0000000002c02e562-6.jpg","89153","2026-04-24T09:15:40.938Z"
"D:\Desktop\ai的仓库\raw","剪藏/小红书/img/67065db0000000002c02e562-7.jpg","raw__9c508e5e/剪藏/小红书/img/67065db0000000002c02e562-7.jpg","158047","2026-04-24T09:15:41.476Z"
"D:\Desktop\ai的仓库\raw","剪藏/小红书/img/67065db0000000002c02e562-8.jpg","raw__9c508e5e/剪藏/小红书/img/67065db0000000002c02e562-8.jpg","217588","2026-04-24T09:15:41.662Z"
"D:\Desktop\ai的仓库\raw","剪藏/小红书/img/67065db0000000002c02e562-9.jpg","raw__9c508e5e/剪藏/小红书/img/67065db0000000002c02e562-9.jpg","106342","2026-04-24T09:15:41.734Z"
"D:\Desktop\ai的仓库\raw","剪藏/小红书/img/6963818d000000002203aed0-1.jpg","raw__9c508e5e/剪藏/小红书/img/6963818d000000002203aed0-1.jpg","124672","2026-04-24T03:10:57.470Z"
"D:\Desktop\ai的仓库\raw","剪藏/小红书/img/69b8d5480000000021011443-1.jpg","raw__9c508e5e/剪藏/小红书/img/69b8d5480000000021011443-1.jpg","169826","2026-04-24T04:48:24.264Z"
"D:\Desktop\ai的仓库\raw","剪藏/小红书/img/69c281ff0000000022003b9c-1.jpg","raw__9c508e5e/剪藏/小红书/img/69c281ff0000000022003b9c-1.jpg","207097","2026-04-23T17:40:26.218Z"
"D:\Desktop\ai的仓库\raw","剪藏/小红书/img/69c6074b000000002102cb93-1.jpg","raw__9c508e5e/剪藏/小红书/img/69c6074b000000002102cb93-1.jpg","181130","2026-04-24T09:11:39.633Z"
"D:\Desktop\ai的仓库\raw","剪藏/小红书/img/69c6074b000000002102cb93-2.jpg","raw__9c508e5e/剪藏/小红书/img/69c6074b000000002102cb93-2.jpg","16844","2026-04-24T09:11:39.828Z"
"D:\Desktop\ai的仓库\raw","剪藏/小红书/img/69c6074b000000002102cb93-3.jpg","raw__9c508e5e/剪藏/小红书/img/69c6074b000000002102cb93-3.jpg","90504","2026-04-24T09:11:40.015Z"
"D:\Desktop\ai的仓库\raw","剪藏/小红书/img/69c6074b000000002102cb93-4.jpg","raw__9c508e5e/剪藏/小红书/img/69c6074b000000002102cb93-4.jpg","84939","2026-04-24T09:11:40.218Z"
"D:\Desktop\ai的仓库\raw","剪藏/小红书/img/69c65048000000002800b9fa-1.jpg","raw__9c508e5e/剪藏/小红书/img/69c65048000000002800b9fa-1.jpg","178818","2026-04-24T04:39:51.562Z"
"D:\Desktop\ai的仓库\raw","剪藏/小红书/img/69ce43a300000000220020eb-1.jpg","raw__9c508e5e/剪藏/小红书/img/69ce43a300000000220020eb-1.jpg","232485","2026-04-24T04:21:36.945Z"
"D:\Desktop\ai的仓库\raw","剪藏/小红书/img/69d8c26b0000000022028be7-1.jpg","raw__9c508e5e/剪藏/小红书/img/69d8c26b0000000022028be7-1.jpg","101141","2026-04-23T17:42:30.869Z"
"D:\Desktop\ai的仓库\raw","剪藏/小红书/img/69d8c9f9000000001a029207-1.jpg","raw__9c508e5e/剪藏/小红书/img/69d8c9f9000000001a029207-1.jpg","268807","2026-04-24T04:05:18.444Z"
"D:\Desktop\ai的仓库\raw","剪藏/小红书/img/69dcc3bb000000001e00da29-1.jpg","raw__9c508e5e/剪藏/小红书/img/69dcc3bb000000001e00da29-1.jpg","108235","2026-04-23T17:40:16.719Z"
"D:\Desktop\ai的仓库\raw","剪藏/小红书/img/69de1e5a000000001d018237-1.jpg","raw__9c508e5e/剪藏/小红书/img/69de1e5a000000001d018237-1.jpg","75549","2026-04-24T03:06:49.057Z"
"D:\Desktop\ai的仓库\raw","剪藏/小红书/img/69df319c0000000022027709-1.jpg","raw__9c508e5e/剪藏/小红书/img/69df319c0000000022027709-1.jpg","241605","2026-04-23T17:40:40.032Z"
"D:\Desktop\ai的仓库\raw","剪藏/小红书/img/69e04b91000000001a02e03f-1.jpg","raw__9c508e5e/剪藏/小红书/img/69e04b91000000001a02e03f-1.jpg","329475","2026-04-24T02:29:40.392Z"
"D:\Desktop\ai的仓库\raw","剪藏/小红书/img/69e092d4000000001a022a0d-1.jpg","raw__9c508e5e/剪藏/小红书/img/69e092d4000000001a022a0d-1.jpg","226897","2026-04-23T17:39:54.941Z"
"D:\Desktop\ai的仓库\raw","剪藏/小红书/img/69e0ff020000000023012d86-1.jpg","raw__9c508e5e/剪藏/小红书/img/69e0ff020000000023012d86-1.jpg","191904","2026-04-24T01:04:23.188Z"
"D:\Desktop\ai的仓库\raw","剪藏/小红书/img/69e2ef9f000000001d01bd32-1.jpg","raw__9c508e5e/剪藏/小红书/img/69e2ef9f000000001d01bd32-1.jpg","155691","2026-04-23T17:43:21.856Z"
"D:\Desktop\ai的仓库\raw","剪藏/小红书/img/69e326d0000000001a033be1-1.jpg","raw__9c508e5e/剪藏/小红书/img/69e326d0000000001a033be1-1.jpg","583385","2026-04-23T17:44:15.653Z"
"D:\Desktop\ai的仓库\raw","剪藏/小红书/img/69e461b400000000220290c1-1.jpg","raw__9c508e5e/剪藏/小红书/img/69e461b400000000220290c1-1.jpg","178312","2026-04-23T17:41:18.062Z"
"D:\Desktop\ai的仓库\raw","剪藏/小红书/img/69e463d200000000230049ac-1.jpg","raw__9c508e5e/剪藏/小红书/img/69e463d200000000230049ac-1.jpg","208846","2026-04-23T17:41:08.674Z"
"D:\Desktop\ai的仓库\raw","剪藏/小红书/img/69e473df000000002302542f-1.jpg","raw__9c508e5e/剪藏/小红书/img/69e473df000000002302542f-1.jpg","151909","2026-04-23T17:43:48.844Z"
"D:\Desktop\ai的仓库\raw","剪藏/小红书/img/69e4c1020000000021006a96-1.jpg","raw__9c508e5e/剪藏/小红书/img/69e4c1020000000021006a96-1.jpg","58542","2026-04-23T17:42:02.228Z"
"D:\Desktop\ai的仓库\raw","剪藏/小红书/img/69e61837000000001a0256b2-1.jpg","raw__9c508e5e/剪藏/小红书/img/69e61837000000001a0256b2-1.jpg","187865","2026-04-23T17:42:39.851Z"
"D:\Desktop\ai的仓库\raw","剪藏/小红书/img/69e6dd66000000001a029e36-1.jpg","raw__9c508e5e/剪藏/小红书/img/69e6dd66000000001a029e36-1.jpg","217977","2026-04-23T17:41:33.962Z"
"D:\Desktop\ai的仓库\raw","剪藏/小红书/img/69e74408000000002202b954-1.jpg","raw__9c508e5e/剪藏/小红书/img/69e74408000000002202b954-1.jpg","162920","2026-04-23T17:39:38.064Z"
"D:\Desktop\ai的仓库\raw","剪藏/小红书/img/69e74536000000001a026de7-1.jpg","raw__9c508e5e/剪藏/小红书/img/69e74536000000001a026de7-1.jpg","151736","2026-04-23T17:40:51.341Z"
"D:\Desktop\ai的仓库\raw","剪藏/小红书/img/69e820dc000000001a035da4-1.jpg","raw__9c508e5e/剪藏/小红书/img/69e820dc000000001a035da4-1.jpg","39476","2026-04-23T18:01:26.511Z"
"D:\Desktop\ai的仓库\raw","剪藏/小红书/img/69e899790000000023016f9f-1.jpg","raw__9c508e5e/剪藏/小红书/img/69e899790000000023016f9f-1.jpg","151276","2026-04-23T17:42:12.826Z"
"D:\Desktop\ai的仓库\raw","剪藏/小红书/img/69e8c8fe000000001b02157d-1.jpg","raw__9c508e5e/剪藏/小红书/img/69e8c8fe000000001b02157d-1.jpg","216400","2026-04-23T17:43:31.096Z"
"D:\Desktop\ai的仓库\raw","剪藏/小红书/img/69e8caee0000000023006672-1.jpg","raw__9c508e5e/剪藏/小红书/img/69e8caee0000000023006672-1.jpg","71074","2026-04-23T17:39:46.475Z"
"D:\Desktop\ai的仓库\raw","剪藏/小红书/img/69ec0614000000003601f1bc-1.jpg","raw__9c508e5e/剪藏/小红书/img/69ec0614000000003601f1bc-1.jpg","128696","2026-04-25T11:23:20.931Z"
"D:\Desktop\ai的仓库\raw","剪藏/小红书/img/69ec0614000000003601f1bc-2.jpg","raw__9c508e5e/剪藏/小红书/img/69ec0614000000003601f1bc-2.jpg","117407","2026-04-25T11:23:20.981Z"
"D:\Desktop\ai的仓库\raw","剪藏/小红书/img/69ec0614000000003601f1bc-3.jpg","raw__9c508e5e/剪藏/小红书/img/69ec0614000000003601f1bc-3.jpg","117874","2026-04-25T11:23:21.033Z"
"D:\Desktop\ai的仓库\raw","剪藏/小红书/img/69ec0614000000003601f1bc-4.jpg","raw__9c508e5e/剪藏/小红书/img/69ec0614000000003601f1bc-4.jpg","128438","2026-04-25T11:23:21.087Z"
"D:\Desktop\ai的仓库\raw","剪藏/小红书/img/69ec0614000000003601f1bc-5.jpg","raw__9c508e5e/剪藏/小红书/img/69ec0614000000003601f1bc-5.jpg","161352","2026-04-25T11:23:21.145Z"
"D:\Desktop\ai的仓库\raw","剪藏/小红书/img/69ec0614000000003601f1bc-6.jpg","raw__9c508e5e/剪藏/小红书/img/69ec0614000000003601f1bc-6.jpg","106469","2026-04-25T11:23:21.203Z"
"D:\Desktop\ai的仓库\raw","剪藏/小红书/img/69ec0614000000003601f1bc-7.jpg","raw__9c508e5e/剪藏/小红书/img/69ec0614000000003601f1bc-7.jpg","127476","2026-04-25T11:23:21.306Z"
"D:\Desktop\ai的仓库\raw","剪藏/小红书/img/69ec0614000000003601f1bc-8.jpg","raw__9c508e5e/剪藏/小红书/img/69ec0614000000003601f1bc-8.jpg","74880","2026-04-25T11:23:21.354Z"
"D:\Desktop\ai的仓库\raw","剪藏/小红书/img/69ec0614000000003601f1bc-9.jpg","raw__9c508e5e/剪藏/小红书/img/69ec0614000000003601f1bc-9.jpg","173172","2026-04-25T11:26:31.603Z"
"D:\Desktop\ai的仓库\raw","剪藏/小红书/video/6963818d000000002203aed0-1.mp4","raw__9c508e5e/剪藏/小红书/video/6963818d000000002203aed0-1.mp4","5906768","2026-04-24T03:10:58.881Z"
"D:\Desktop\ai的仓库\raw","剪藏/小红书/video/69b8d5480000000021011443-1.mp4","raw__9c508e5e/剪藏/小红书/video/69b8d5480000000021011443-1.mp4","20403686","2026-04-24T04:48:29.157Z"
"D:\Desktop\ai的仓库\raw","剪藏/小红书/video/69c281ff0000000022003b9c-1.mp4","raw__9c508e5e/剪藏/小红书/video/69c281ff0000000022003b9c-1.mp4","24209221","2026-04-23T17:40:31.520Z"
"D:\Desktop\ai的仓库\raw","剪藏/小红书/video/69c65048000000002800b9fa-1.mp4","raw__9c508e5e/剪藏/小红书/video/69c65048000000002800b9fa-1.mp4","10945485","2026-04-24T04:39:52.191Z"
"D:\Desktop\ai的仓库\raw","剪藏/小红书/video/69ce43a300000000220020eb-1.mp4","raw__9c508e5e/剪藏/小红书/video/69ce43a300000000220020eb-1.mp4","32505856","2026-04-24T04:21:38.712Z"
"D:\Desktop\ai的仓库\raw","剪藏/小红书/video/69d8c26b0000000022028be7-1.mp4","raw__9c508e5e/剪藏/小红书/video/69d8c26b0000000022028be7-1.mp4","8038746","2026-04-23T17:42:31.724Z"
"D:\Desktop\ai的仓库\raw","剪藏/小红书/video/69d8c9f9000000001a029207-1.mp4","raw__9c508e5e/剪藏/小红书/video/69d8c9f9000000001a029207-1.mp4","30050279","2026-04-24T04:05:22.920Z"
"D:\Desktop\ai的仓库\raw","剪藏/小红书/video/69dcc3bb000000001e00da29-1.mp4","raw__9c508e5e/剪藏/小红书/video/69dcc3bb000000001e00da29-1.mp4","4196634","2026-04-23T17:40:18.422Z"
"D:\Desktop\ai的仓库\raw","剪藏/小红书/video/69df319c0000000022027709-1.mp4","raw__9c508e5e/剪藏/小红书/video/69df319c0000000022027709-1.mp4","10933852","2026-04-23T17:40:42.649Z"
"D:\Desktop\ai的仓库\raw","剪藏/小红书/video/69e04b91000000001a02e03f-1.mp4","raw__9c508e5e/剪藏/小红书/video/69e04b91000000001a02e03f-1.mp4","3751136","2026-04-24T02:29:40.712Z"
"D:\Desktop\ai的仓库\raw","剪藏/小红书/video/69e092d4000000001a022a0d-1.mp4","raw__9c508e5e/剪藏/小红书/video/69e092d4000000001a022a0d-1.mp4","38551874","2026-04-23T17:40:05.252Z"
"D:\Desktop\ai的仓库\raw","剪藏/小红书/video/69e0ff020000000023012d86-1.mp4","raw__9c508e5e/剪藏/小红书/video/69e0ff020000000023012d86-1.mp4","1956580","2026-04-24T01:04:23.437Z"
"D:\Desktop\ai的仓库\raw","剪藏/小红书/video/69e2ef9f000000001d01bd32-1.mp4","raw__9c508e5e/剪藏/小红书/video/69e2ef9f000000001d01bd32-1.mp4","4047072","2026-04-23T17:43:23.550Z"
"D:\Desktop\ai的仓库\raw","剪藏/小红书/video/69e326d0000000001a033be1-1.mp4","raw__9c508e5e/剪藏/小红书/video/69e326d0000000001a033be1-1.mp4","15555022","2026-04-23T17:44:21.716Z"
"D:\Desktop\ai的仓库\raw","剪藏/小红书/video/69e461b400000000220290c1-1.mp4","raw__9c508e5e/剪藏/小红书/video/69e461b400000000220290c1-1.mp4","22579203","2026-04-23T17:41:25.024Z"
"D:\Desktop\ai的仓库\raw","剪藏/小红书/video/69e463d200000000230049ac-1.mp4","raw__9c508e5e/剪藏/小红书/video/69e463d200000000230049ac-1.mp4","4907780","2026-04-23T17:41:09.907Z"
"D:\Desktop\ai的仓库\raw","剪藏/小红书/video/69e473df000000002302542f-1.mp4","raw__9c508e5e/剪藏/小红书/video/69e473df000000002302542f-1.mp4","49703339","2026-04-23T17:44:02.687Z"
"D:\Desktop\ai的仓库\raw","剪藏/小红书/video/69e4c1020000000021006a96-1.mp4","raw__9c508e5e/剪藏/小红书/video/69e4c1020000000021006a96-1.mp4","4762716","2026-04-23T17:42:03.882Z"
"D:\Desktop\ai的仓库\raw","剪藏/小红书/video/69e61837000000001a0256b2-1.mp4","raw__9c508e5e/剪藏/小红书/video/69e61837000000001a0256b2-1.mp4","91730770","2026-04-23T17:43:04.294Z"
"D:\Desktop\ai的仓库\raw","剪藏/小红书/video/69e6dd66000000001a029e36-1.mp4","raw__9c508e5e/剪藏/小红书/video/69e6dd66000000001a029e36-1.mp4","60315546","2026-04-23T17:41:49.377Z"
"D:\Desktop\ai的仓库\raw","剪藏/小红书/video/69e74408000000002202b954-1.mp4","raw__9c508e5e/剪藏/小红书/video/69e74408000000002202b954-1.mp4","3993133","2026-04-23T17:39:39.015Z"
"D:\Desktop\ai的仓库\raw","剪藏/小红书/video/69e74536000000001a026de7-1.mp4","raw__9c508e5e/剪藏/小红书/video/69e74536000000001a026de7-1.mp4","21773478","2026-04-23T17:40:58.329Z"
"D:\Desktop\ai的仓库\raw","剪藏/小红书/video/69e899790000000023016f9f-1.mp4","raw__9c508e5e/剪藏/小红书/video/69e899790000000023016f9f-1.mp4","42678110","2026-04-23T17:42:19.133Z"
"D:\Desktop\ai的仓库\raw","剪藏/小红书/video/69e8c8fe000000001b02157d-1.mp4","raw__9c508e5e/剪藏/小红书/video/69e8c8fe000000001b02157d-1.mp4","23762135","2026-04-23T17:43:34.989Z"
"D:\Desktop\ai的仓库\raw","剪藏/小红书/video/69e8caee0000000023006672-1.mp4","raw__9c508e5e/剪藏/小红书/video/69e8caee0000000023006672-1.mp4","4311664","2026-04-23T17:39:47.057Z"
"D:\Desktop\ai的仓库\raw","剪藏/抖音/video/7623809091097336229.mp4","raw__9c508e5e/剪藏/抖音/video/7623809091097336229.mp4","6646091","2026-04-24T08:27:09.212Z"
"D:\Desktop\ai的仓库\raw","剪藏/抖音/video/7630919849779461477.mp4","raw__9c508e5e/剪藏/抖音/video/7630919849779461477.mp4","26928272","2026-04-24T07:57:01.319Z"
"D:\Desktop\ai的仓库\raw","剪藏/抖音/video/7631876046387760435-1.mp4","raw__9c508e5e/剪藏/抖音/video/7631876046387760435-1.mp4","3014770","2026-04-24T06:56:38.751Z"
"D:\Desktop\ai的仓库\raw","剪藏/抖音/video/7631876046387760435.mp4","raw__9c508e5e/剪藏/抖音/video/7631876046387760435.mp4","3014770","2026-04-24T06:56:38.711Z"
"D:\Desktop\ai的仓库\raw","剪藏/抖音/video/7631885018697402340.mp4","raw__9c508e5e/剪藏/抖音/video/7631885018697402340.mp4","199164","2026-04-24T07:14:23.053Z"
"D:\Desktop\ai的仓库\raw","闪念日记/assets/2026-04-27/01.jpg","raw__9c508e5e/闪念日记/assets/2026-04-27/01.jpg","3109627","2026-04-28T03:46:06.164Z"
"D:\Desktop\ai的仓库\raw","闪念日记/assets/2026-04-28/01.jpg","raw__9c508e5e/闪念日记/assets/2026-04-28/01.jpg","6701831","2026-04-28T03:46:08.598Z"
